<?xml version="1.0" encoding="utf-8"?>
<Document Version="14.1.0" OS="Win" DocGuid="{44e396cd-a135-4566-808e-1684008e0a2c}">
    <DocConfig>
        <Solution V="501"/>
        <SolMask V="0"/>
        <UpdatePageName V="FALSE"/>
        <ShowGrid V="TRUE"/>
        <ShowRuler V="FALSE"/>
        <ShowGuideline V="TRUE"/>
        <ShowPageBreak V="FALSE"/>
        <OrgAutoLayout V="TRUE"/>
        <mmAutoLayout V="TRUE"/>
        <mmLockCon V="TRUE"/>
        <IgnoreDefCntStyle V="TRUE"/>
        <IgnoreDefFont V="TRUE"/>
        <ElectricalCrossStyle V="0"/>
    </DocConfig>
    <Stencils>
        <Stencil Path="25"/>
        <Stencil Path="19"/>
        <Stencil Path="23"/>
    </Stencils>
    <ActivePageIndex V="0"/>
    <Pages V="1"/>
    <Dpi V="1"/>
    <ScreenWidth V="1366"/>
    <ScreenHeight V="768"/>
    <Platform V="desk"/>
    <CreatedDate V="2024-12-21 14:02:08"/>
    <Creator V="Name"/>
    <ModifiedDate V="2025-05-08 09:56:31"/>
    <Modifier V="Name"/>
    <CloneID V="0"/>
    <ModifiedFromClone V="TRUE"/>
</Document>
