<?xml version="1.0" encoding="utf-8"?>
<Themes>
    <Theme Name="Business Bold" ID="65">
        <ThemeColor Name="Novel" Shadow="#21000000" ID="83">
            <ColorScheme Accent5="#ffffcc53" Accent3="#ff4155c6" Accent2="#ff467dfe" Accent1="#ff4ed7c5" Accent4="#ffff7e79" Accent6="#ff8dc0ff" Accent7="#ff7991ff" Accent8="#fffe9d17"/>
            <ColorScheme Accent5="#ff4155c6" Accent3="#ff4ed7c5" Accent2="#ff00399d" Accent1="#ffff6863" Accent4="#ff467dfe" Accent6="#ffff7e79" Accent7="#ffffcc53" Accent8="#ff7991ff"/>
        </ThemeColor>
        <ThemeEffect Name="new Theme2" ID="37">
            <ShapeFormat QuickMask="-1">
                <FillFormat Type="Solid">
                    <Color ThemeColor="1" V="#ffffffff"/>
                </FillFormat>
                <LineFormat>
                    <LineWeight V="1"/>
                    <LineCap V="Flat"/>
                    <LinePattern ID="1"/>
                    <BeginArrow Size="4" ID="0"/>
                    <EndArrow Size="4" ID="0"/>
                    <LineFill Type="Solid">
                        <Color Shade="80" ThemeColor="5" Ref="#999999" V="#ff474747"/>
                    </LineFill>
                </LineFormat>
                <EffectFormat>
                    <Shadow Mode="0"/>
                </EffectFormat>
            </ShapeFormat>
            <ShapeFormat QuickMask="-1">
                <FillFormat Type="Solid">
                    <Color ThemeColor="1" V="#ffffffff"/>
                </FillFormat>
                <LineFormat>
                    <LineWeight V="3"/>
                    <LineCap V="Flat"/>
                    <LinePattern ID="1"/>
                    <BeginArrow Size="4" ID="0"/>
                    <EndArrow Size="4" ID="0"/>
                    <LineFill Type="Solid">
                        <Color Shade="70" ThemeColor="5" Ref="#999999" V="#ff575757"/>
                    </LineFill>
                </LineFormat>
                <EffectFormat>
                    <Shadow Mode="0"/>
                </EffectFormat>
            </ShapeFormat>
            <ShapeFormat QuickMask="-1">
                <FillFormat Type="Solid">
                    <Color ThemeColor="5" Tint="10" Ref="#999999" V="#ffa7a7a7"/>
                </FillFormat>
                <LineFormat>
                    <LineWeight V="3"/>
                    <LineCap V="Flat"/>
                    <LinePattern ID="1"/>
                    <BeginArrow Size="4" ID="0"/>
                    <EndArrow Size="4" ID="0"/>
                    <LineFill Type="Solid">
                        <Color Shade="50" ThemeColor="5" Ref="#999999" V="#ff6f6f6f"/>
                    </LineFill>
                </LineFormat>
                <EffectFormat>
                    <Shadow Mode="0"/>
                </EffectFormat>
            </ShapeFormat>
            <ShapeFormat QuickMask="-1">
                <FillFormat Type="Solid">
                    <Color V="#ffffffff"/>
                </FillFormat>
                <LineFormat>
                    <LineWeight V="2"/>
                    <LineCap V="Flat"/>
                    <LinePattern ID="1"/>
                    <BeginArrow Size="4" ID="0"/>
                    <EndArrow Size="4" ID="0"/>
                    <LineFill Type="Solid">
                        <Color Shade="90" ThemeColor="5" Ref="#999999" V="#ff323232"/>
                    </LineFill>
                </LineFormat>
                <EffectFormat>
                    <Shadow Mode="0"/>
                </EffectFormat>
            </ShapeFormat>
            <ShapeFormat QuickMask="-1">
                <FillFormat Type="Solid">
                    <Color Shade="50" ThemeColor="5" Ref="#999999" V="#ff6f6f6f"/>
                </FillFormat>
                <LineFormat>
                    <LineWeight V="1"/>
                    <LineCap V="Flat"/>
                    <LinePattern ID="1"/>
                    <BeginArrow Size="4" ID="0"/>
                    <EndArrow Size="4" ID="0"/>
                    <LineFill Type="Solid">
                        <Color Shade="50" ThemeColor="5" Ref="#999999" V="#ff6f6f6f"/>
                    </LineFill>
                </LineFormat>
                <EffectFormat>
                    <Shadow Mode="0"/>
                </EffectFormat>
            </ShapeFormat>
            <ShapeFormat QuickMask="-1">
                <FillFormat Type="Solid">
                    <Color Shade="80" ThemeColor="5" Ref="#999999" V="#ff474747"/>
                </FillFormat>
                <LineFormat>
                    <LineWeight V="1"/>
                    <LineCap V="Flat"/>
                    <LinePattern ID="1"/>
                    <BeginArrow Size="4" ID="0"/>
                    <EndArrow Size="4" ID="0"/>
                    <LineFill Type="Solid">
                        <Color Shade="80" ThemeColor="5" Ref="#999999" V="#ff474747"/>
                    </LineFill>
                </LineFormat>
                <EffectFormat>
                    <Shadow Mode="0"/>
                </EffectFormat>
            </ShapeFormat>
            <FontColor>
                <Color V="#ff191919"/>
                <Color V="#ff191919"/>
                <Color V="#ff191919"/>
                <Color V="#ff191919"/>
                <Color V="#ffffffff"/>
                <Color V="#ffffffff"/>
                <Color V="#ff191919"/>
                <Color V="#ff191919"/>
            </FontColor>
        </ThemeEffect>
        <ThemeConnector Name="General Bold Arrow" ID="103">
            <ConnectorScheme>
                <LineFormat>
                    <LineWeight V="2"/>
                    <LineCap V="Flat"/>
                    <LinePattern ID="1"/>
                    <BeginArrow Size="3" ID="0"/>
                    <EndArrow Size="3" ID="4"/>
                    <LineFill Type="Solid">
                        <Color ThemeColor="2" Tint="3" Ref="#000" V="#ff303030"/>
                    </LineFill>
                </LineFormat>
                <EffectFormat>
                    <Shadow Mode="0"/>
                </EffectFormat>
            </ConnectorScheme>
        </ThemeConnector>
        <ThemeText Name="Microsoft YaHei" ID="8" TextFormatMask="0" TabStop="80" VAlign="Center">
            <Color V="#ff000000"/>
            <Character Color="#ffffff" IX="0" Family="Microsoft YaHei" Size="10"/>
            <Paragraph IndFirst="0" SpLine="100" IX="0" Align="4" IndLeft="0" IndRight="0"/>
            <Margins Bottom="4" Top="4" Left="4" Right="4"/>
            <FontSchemeLst>
                <FontScheme FontSize="10" Flag="1" FontName="Microsoft YaHei">
                    <Color V="#ff000000"/>
                </FontScheme>
                <FontScheme FontSize="10" Flag="1" FontName="Microsoft YaHei">
                    <Color V="#ff000000"/>
                </FontScheme>
                <FontScheme FontSize="10" Flag="1" FontName="Microsoft YaHei">
                    <Color V="#ff000000"/>
                </FontScheme>
                <FontScheme FontSize="10" Flag="1" FontName="Microsoft YaHei">
                    <Color V="#ff000000"/>
                </FontScheme>
                <FontScheme FontSize="10" Flag="1" FontName="Microsoft YaHei">
                    <Color V="#ff000000"/>
                </FontScheme>
                <FontScheme FontSize="10" Flag="1" FontName="Microsoft YaHei">
                    <Color V="#ff000000"/>
                </FontScheme>
                <FontScheme FontSize="10" Flag="0" FontName="Microsoft YaHei">
                    <Color V="#ff000000"/>
                </FontScheme>
                <FontScheme FontSize="10" Flag="1" FontName="Microsoft YaHei">
                    <Color V="#ff000000"/>
                </FontScheme>
            </FontSchemeLst>
        </ThemeText>
    </Theme>
</Themes>
